Agrupación Política,Lista,Cargo,Género
BUENOS AIRES PRIMERO (BAP),LISTA UNICA,DIPUTADOS NACIONALES,Femenino
CONFIANZA PUBLICA,VALORES EN ACCION,DIPUTADOS NACIONALES,Masculino
CONSTRUYENDO PORVENIR,CONSTRUYENDO FUTURO,DIPUTADOS NACIONALES,Masculino
CORRIENTE DE PENSAMIENTO BONAERENSE,CORRIENTE DE PENSAMIENTO AUTENTICA,DIPUTADOS NACIONALES,Masculino
FRENTE DE IZQUIERDA Y DE TRABAJADORES,A UNIR Y FORTALECER LA IZQUIERDA,DIPUTADOS NACIONALES,Masculino
FRENTE DE IZQUIERDA Y DE TRABAJADORES,B UNIDAD DE LUCHADORES Y LA IZQUIERDA,DIPUTADOS NACIONALES,Masculino
FRENTE PATRIOTA FEDERAL,PRIMERO LA PATRIA,DIPUTADOS NACIONALES,Masculino
HACEMOS POR NUESTRO PAIS,HACEMOS,DIPUTADOS NACIONALES,Femenino
JUNTOS POR EL CAMBIO,EL CAMBIO DE NUESTRAS VIDAS,DIPUTADOS NACIONALES,Masculino
JUNTOS POR EL CAMBIO,LA FUERZA DEL CAMBIO,DIPUTADOS NACIONALES,Masculino
JUSTICIA Y DIGNIDAD PATRIOTICA,P.A.S.E,DIPUTADOS NACIONALES,Masculino
LA LIBERTAD AVANZA,LIBERTAD POR SIEMPRE,DIPUTADOS NACIONALES,Masculino
MOVIMIENTO AVANZADA SOCIALISTA,IZQUIERDA ANTICAPITALISTA,DIPUTADOS NACIONALES,Masculino
MOVIMIENTO IZQUIERDA JUVENTUD DIGNIDAD,CONFEDERAL,DIPUTADOS NACIONALES,Femenino
MOVIMIENTO IZQUIERDA JUVENTUD DIGNIDAD,LINEA A DIGNIDAD,DIPUTADOS NACIONALES,Masculino
MOVIMIENTO LIBRES DEL SUR,LISTA AZUL Y ROJO,DIPUTADOS NACIONALES,Masculino
NUEVA UNION CELESTE,CELESTE,DIPUTADOS NACIONALES,Masculino
PARTIDO LABORISTA,FRENTE LABORISTA,DIPUTADOS NACIONALES,Femenino
PARTIDO LABORISTA,LA CLASE OBRERA,DIPUTADOS NACIONALES,Femenino
PARTIDO LIBERTARIO,LIBERTARIOS,DIPUTADOS NACIONALES,Masculino
PARTIDO MOVIMIENTO ORGANIZACION DEMOCRATICA (MODE),UNIDAD,DIPUTADOS NACIONALES,Femenino
PARTIDO PRINCIPIOS Y VALORES,TIERRA TECHO Y TRABAJO,DIPUTADOS NACIONALES,Masculino
PARTIDO UNIDAD SOCIAL (PUS),UNIDOS,DIPUTADOS NACIONALES,Masculino
POLITICA ABIERTA PARA LA INTEGRIDAD SOCIAL,AZUL UNICA,DIPUTADOS NACIONALES,Masculino
POLITICA OBRERA,UNIDAD OBRERA,DIPUTADOS NACIONALES,Femenino
PROYECTO JOVEN,COALICION PAZ DEMOCRACIA SOBERANIA,DIPUTADOS NACIONALES,Femenino
PROYECTO JOVEN,FRENTE JOVEN,DIPUTADOS NACIONALES,Femenino
PROYECTO JOVEN,PATRIA UNIDA,DIPUTADOS NACIONALES,Masculino
TODOS POR BUENOS AIRES,TODOS POR LA PROVINCIA,DIPUTADOS NACIONALES,Masculino
UNION POR LA PATRIA,CELESTE Y BLANCA NúMERO LISTA 2,DIPUTADOS NACIONALES,Masculino
AUTENTICO LIBERALES CATAMARCA,LIBERAR Y POPULAR,DIPUTADOS NACIONALES,Masculino
AUTENTICO LIBERALES CATAMARCA,LIBERTARIOS,DIPUTADOS NACIONALES,Masculino
FRENTE DE IZQUIERDA  Y DE TRABAJADORES - UNIDAD,1A UNIDAD DE LUCHADORES Y LA IZQUIERDA,DIPUTADOS NACIONALES,Femenino
FRENTE PATRIOTA FEDERAL,PRIMERO LA PATRIA,DIPUTADOS NACIONALES,Masculino
JUNTOS POR EL CAMBIO,EL CAMBIO DE NUESTRAS VIDAS,DIPUTADOS NACIONALES,Masculino
JUNTOS POR EL CAMBIO,GANA CATAMARCA,DIPUTADOS NACIONALES,Masculino
LA LIBERTAD AVANZA,UNION  EN DESARROLLO Y LIBERTAD,DIPUTADOS NACIONALES,Masculino
MOVIMIENTO IZQUIERDA JUVENTUD DIGNIDAD,LISTA A DIGNIDAD,DIPUTADOS NACIONALES,Femenino
MOVIMIENTOLIBRESDELSUR,AZUL Y ROJO,DIPUTADOS NACIONALES,Femenino
NUEVO ESPACIO DE OPINION,HACEMOS UNIDOS POR CATAMARCA   NEO,DIPUTADOS NACIONALES,Femenino
UNION POR LA PATRIA,CELESTE Y BLANCA,DIPUTADOS NACIONALES,Masculino
FRENTE INTEGRADOR,INTEGRACIÓN I,DIPUTADOS NACIONALES,Femenino
JUNTOS POR EL CAMBIO,CHACO CAMBIA,DIPUTADOS NACIONALES,Masculino
LA LIBERTAD AVANZA,A,DIPUTADOS NACIONALES,Masculino
MOVIMIENTO IZQUIERDA JUVENTUD DIGNIDAD,90,DIPUTADOS NACIONALES,Masculino
MOVIMIENTO LIBRES DEL SUR,AZUL Y ROJO,DIPUTADOS NACIONALES,Femenino
PARTIDO DEL OBRERO,1A UNIDAD DE LUCHADORES Y LA IZQUIERDA,DIPUTADOS NACIONALES,Masculino
PARTIDO DEMOCRATA,ENCUENTRO LIBERTARIO POR EL CHACO,DIPUTADOS NACIONALES,Femenino
UNION POR LA PATRIA,17 DE OCTUBRE  LETRA J,DIPUTADOS NACIONALES,Masculino
UNION POR LA PATRIA,LA MARIA EVA,DIPUTADOS NACIONALES,Masculino
FRENTE DE IZQUIERDA Y DE TRABAJADORES - UNIDAD,A UNIDAD DE LUCHADORES Y LA IZQUIERDA,DIPUTADOS NACIONALES,Masculino
GEN CHUBUT,EL AGUA VALE + QUE EL ORO,DIPUTADOS NACIONALES,Masculino
JUNTOS POR EL CAMBIO CHUBUT,A DESPIERTA CHUBUT,DIPUTADOS NACIONALES,Masculino
JUNTOS POR EL CAMBIO CHUBUT,C UN CAMINO REAL,DIPUTADOS NACIONALES,Masculino
LA LIBERTAD AVANZA CHUBUT,A UN CHUBUT MEJOR ES POSIBLE,DIPUTADOS NACIONALES,Masculino
UNIÓN POR LA PATRIA,B RECONSTRUIR CHUBUT,DIPUTADOS NACIONALES,Femenino
UNIÓN POR LA PATRIA,CELESTE Y BLANCA LETRA A,DIPUTADOS NACIONALES,Masculino
UNIÓN POR LA PATRIA,K UNION POR CHUBUT,DIPUTADOS NACIONALES,Masculino
APTITUD RENOVADORA,A HACEMOS POR NUESTRA CIUDAD,DIPUTADOS NACIONALES,Masculino
EL MOVIMIENTO,B DEMOS,DIPUTADOS NACIONALES,Femenino
FRENTE DE IZQUIERDA Y DE TRABAJADORES - UNIDAD,A UNIR Y FORTALECER LA IZQUIERDA,DIPUTADOS NACIONALES,Masculino
FRENTE DE IZQUIERDA Y DE TRABAJADORES - UNIDAD,B UNIDAD DE LUCHADORES Y LA IZQUIERDA,DIPUTADOS NACIONALES,Femenino
FRENTE PATRIOTA FEDERAL,PRIMERO LA PATRIA,DIPUTADOS NACIONALES,Masculino
JUNTOS POR EL CAMBIO,EL CAMBIO DE NUESTRAS VIDAS A,DIPUTADOS NACIONALES,Masculino
JUNTOS POR EL CAMBIO,LA FUERZA DEL CAMBIO B,DIPUTADOS NACIONALES,Masculino
LA IZQUIERDA EN LA CIUDAD,A IZQUIERDA ANTICAPITALISTA   A,DIPUTADOS NACIONALES,Masculino
LA LIBERTAD AVANZA,LIBERTAD POR SIEMPRE,DIPUTADOS NACIONALES,Femenino
MOVIMIENTO DE JUBILADOS Y JUVENTUD,A TOLERANCIA,DIPUTADOS NACIONALES,Masculino
MOVIMIENTO LIBRES DEL SUR,LISTA A AZUL Y ROJO,DIPUTADOS NACIONALES,Femenino
PARTIDO DEMOCRATA CRISTIANO,HACEMOS POR CABA,DIPUTADOS NACIONALES,Masculino
POLíTICA OBRERA,A UNIDAD OBRERA,DIPUTADOS NACIONALES,Masculino
PRINCIPIOS Y VALORES,A GOBERNAR ES CREAR TRABAJO,DIPUTADOS NACIONALES,Femenino
REPUBLICANOS UNIDOS,A REPUBLICANOS,DIPUTADOS NACIONALES,Masculino
UNION POR LA PATRIA,A ALTERNATIVA PARA GANAR BUENOS AIRES,DIPUTADOS NACIONALES,Femenino
ESTAMOS,LA INMENSA MINORìA,DIPUTADOS NACIONALES,Masculino
FRENTE DE IZQUIERDA Y DE LOS TRABAJADORES-UNIDAD,UNIDAD DE LUCHADORES Y LA IZQUIERDA B,DIPUTADOS NACIONALES,Femenino
FRENTE DE IZQUIERDA Y DE LOS TRABAJADORES-UNIDAD,UNIR Y FORTALECER LA IZQUIERDA A,DIPUTADOS NACIONALES,Femenino
FRENTE FEDERAL DE ACCION SOLIDARIA,FRENTE FEDERAL CORDOBA,DIPUTADOS NACIONALES,Masculino
HACEMOS POR NUESTRO PAIS,HACEMOS UNIDOS POR CORDOBA   A,DIPUTADOS NACIONALES,Masculino
HUMANISTA,A CORDOBA HUMANISTA,DIPUTADOS NACIONALES,Masculino
JUNTOS POR EL CAMBIO,EL CAMBIO DE NUESTRAS VIDAS A,DIPUTADOS NACIONALES,Masculino
JUNTOS POR EL CAMBIO,LA FUERZA DEL CAMBIO C,DIPUTADOS NACIONALES,Masculino
JUNTOS POR EL CAMBIO,UNIDAD POR EL CAMBIO,DIPUTADOS NACIONALES,Masculino
LA LIBERTAD AVANZA,VIVA LA LIBERTAD,DIPUTADOS NACIONALES,Femenino
LA LIBERTAD PRIMERO,LA LIBERTAD PRIMERO,DIPUTADOS NACIONALES,Masculino
MOVIMIENTO AVANZADA SOCIALISTA,IZQUIERDA ANTICAPITALISTA    A,DIPUTADOS NACIONALES,Femenino
MOVIMIENTO DE ACCION VECINAL,COMPROMISO VECINAL LISTA A,DIPUTADOS NACIONALES,Masculino
MOVIMIENTO LIBRES DEL SUR,AZUL Y ROJO A,DIPUTADOS NACIONALES,Femenino
PROYECTO JOVEN,CENTRO Y NORTE SUR UNIDOS,DIPUTADOS NACIONALES,Masculino
PROYECTO JOVEN,NUEVAS IDEAS LISTA C,DIPUTADOS NACIONALES,Masculino
PROYECTO JOVEN,UNIDOS  LISTA  A,DIPUTADOS NACIONALES,Masculino
UNION POPULAR FEDERAL,CIUDADANOS C,DIPUTADOS NACIONALES,Masculino
UNION POPULAR FEDERAL,POPULARES CBA   F,DIPUTADOS NACIONALES,Femenino
UNION POPULAR FEDERAL,"POR CLUB, CAPILLA Y COLEGIO   A",DIPUTADOS NACIONALES,Masculino
UNION POPULAR FEDERAL,PRODUCCIÓN Y TRABAJO   D ,DIPUTADOS NACIONALES,Masculino
UNION POPULAR FEDERAL,UNIDOS POR LA GENTE   B,DIPUTADOS NACIONALES,Masculino
UNION POR LA PATRIA,CELESTE Y BLANCA   A,DIPUTADOS NACIONALES,Femenino
UNITE POR LA LIBERTAD Y LA DIGNIDAD,CAMPO POPULAR B,DIPUTADOS NACIONALES,Femenino
UNITE POR LA LIBERTAD Y LA DIGNIDAD,DEMOS A,DIPUTADOS NACIONALES,Masculino
COMPROMISO FEDERAL,EVOLUCION Y PROGRESO,DIPUTADOS NACIONALES,Masculino
ENCUENTRO POR CORRIENTES - ECO + VAMOS CORRIENTES,VERDE,DIPUTADOS NACIONALES,Masculino
HACEMOS POR NUESTRO PAIS,FORO SOCIALCRISTIANO,DIPUTADOS NACIONALES,Femenino
HACEMOS POR NUESTRO PAIS,HACEMOS JUNTOS,DIPUTADOS NACIONALES,Femenino
LA LIBERTAD AVANZA,VIVA LA LIBERTAD,DIPUTADOS NACIONALES,Masculino
"MOV. INTEG. LATIONAMERICANA DE EXPRESION SOCIAL POR TIERRA, TECHO Y TRABAJO (MILES TTT)",PRINCIPIOS Y VALORES,DIPUTADOS NACIONALES,Masculino
MOVIMIENTO LIBRES DEL SUR,AZUL Y ROJO,DIPUTADOS NACIONALES,Masculino
PARTIDO LIBERTARIO,UNIDAD Y COMPROMISO,DIPUTADOS NACIONALES,Masculino
UNION POR LA PATRIA,CELESTE Y BLANCA,DIPUTADOS NACIONALES,Femenino
JUNTOS POR ENTRE RIOS,AHORA ENTRE RíOS,DIPUTADOS NACIONALES,Masculino
LA LIBERTAD AVANZA,LA LIBERTAD POR SIEMPRE,DIPUTADOS NACIONALES,Masculino
MAS PARA ENTRE RIOS,2 MAS PARA ENTRE RIOS,DIPUTADOS NACIONALES,Masculino
MOVIMIENTO AL SOCIALISMO,IZQUIERDA ANTICAPITALISTA,DIPUTADOS NACIONALES,Masculino
NUEVA IZQUIERDA,1A UNIDAD DE LUCHADORES Y LA IZQUIERDA,DIPUTADOS NACIONALES,Masculino
JUNTOS POR EL CAMBIO,#PODES CONFIAR ESTAMOS CON VOS,DIPUTADOS NACIONALES,Femenino
JUNTOS POR EL CAMBIO,LA FUERZA DEL CAMBIO,DIPUTADOS NACIONALES,Masculino
LA LIBERTAD AVANZA,LA LIBERTAD AVANZA,DIPUTADOS NACIONALES,Masculino
LA NUEVA INDEPENDENCIA,MILITANTES AMIGOS,DIPUTADOS NACIONALES,Masculino
MOVIMIENTO LIBRES DEL SUR,AZUL Y ROJO,DIPUTADOS NACIONALES,Femenino
UNION POR LA PATRIA,"LISTA 2 CELESTE, BLANCA Y AZUL",DIPUTADOS NACIONALES,Femenino
CAMBIA JUJUY,LISTA A SIGAMOS CAMBIANDO JUJUY,DIPUTADOS NACIONALES,Masculino
CAMBIA JUJUY,LISTA B LA FUERZA DEL CAMBIO,DIPUTADOS NACIONALES,Femenino
CAMBIA JUJUY,LISTA C UNIR AL CAMBIO,DIPUTADOS NACIONALES,Masculino
FRENTE DE IZQUIERDA Y DE TRABAJADORES-UNIDAD,A UNIDAD DE LUCHADORES Y LA IZQUIERDA,DIPUTADOS NACIONALES,Femenino
FRENTE DE IZQUIERDA Y DE TRABAJADORES-UNIDAD,UNIR Y FORTALECER LA IZQUIERDA 1A,DIPUTADOS NACIONALES,Femenino
HACEMOS POR NUESTRO PAIS,HACEMOS POR JUJUY,DIPUTADOS NACIONALES,Masculino
MOVIMIENTO INTEGRACIóN LATINOAMERICANA DE EXPRESIóN SOCIAL-M.I.L.E.S.,JUJUY TIENE FUTURO CON PRINCIPIOS Y VALORES,DIPUTADOS NACIONALES,Femenino
PARTIDO RENOVADOR FEDERAL,LIBERTAD JUJUY 1A,DIPUTADOS NACIONALES,Masculino
UNION POR LA PATRIA,CELESTE Y BLANCA,DIPUTADOS NACIONALES,Masculino
UNION POR LA PATRIA,UNIDAD RENOVADORA,DIPUTADOS NACIONALES,Masculino
UNION POR LA PATRIA,UNION POR JUJUY,DIPUTADOS NACIONALES,Masculino
FRENTE DE IZQUIERDA Y DE TRABAJADORES,B UNIDAD DE LUCHADORES Y LA IZQUIERDA,DIPUTADOS NACIONALES,Masculino
FRENTE DE IZQUIERDA Y DE TRABAJADORES,UNIR Y FORTALECER LA IZQUIERDA 1A,DIPUTADOS NACIONALES,Femenino
JUNTOS POR EL CAMBIO,JUNTOS POR LA PAMPA,DIPUTADOS NACIONALES,Masculino
JUNTOS POR EL CAMBIO,LA FUERZA DEL CAMBIO,DIPUTADOS NACIONALES,Masculino
MOVIMIENTO AL SOCIALISMO,IZQUIERDA ANTICAPITALISTA,DIPUTADOS NACIONALES,Femenino
UNION POR LA PATRIA,CONSENSO PERONISTA,DIPUTADOS NACIONALES,Masculino
DEMOCRATA CRISTIANO,HACEMOS UNIDOS POR LA RIOJA,DIPUTADOS NACIONALES,Masculino
FRENTE DE IZQUIERDA Y DE TRABAJADORES - UNIDAD, UNIDAD DE LUCHADORES Y  LA IZQUIERDA,DIPUTADOS NACIONALES,Femenino
FRENTE DE IZQUIERDA Y DE TRABAJADORES - UNIDAD,UNIR Y FORTALECER LA IZQUIERDA 1A,DIPUTADOS NACIONALES,Femenino
JUNTOS POR EL CAMBIO,EL CAMBIO DE NUESTRAS VIDAS A,DIPUTADOS NACIONALES,Masculino
JUNTOS POR EL CAMBIO,LA FUERZA DEL CAMBIO B,DIPUTADOS NACIONALES,Femenino
LA LIBERTAD AVANZA,LA LIBERTAD AVANZA,DIPUTADOS NACIONALES,Masculino
PROYECTO JOVEN,DEMOS LIBERTAD,DIPUTADOS NACIONALES,Masculino
PROYECTO JOVEN,VIVA LA LIBERTAD,DIPUTADOS NACIONALES,Masculino
UNION DEL CENTRO DEMOCRATICO- UCEDE,FUERZA LIBERAL,DIPUTADOS NACIONALES,Masculino
UNION POR LA PATRIA,CELESTE Y BANCA,DIPUTADOS NACIONALES,Masculino
CAMBIA MENDOZA,A MENDOZA HACE,DIPUTADOS NACIONALES,Masculino
COMPROMISO FEDERAL,A HACEMOS UNIDOS POR MENDOZA,DIPUTADOS NACIONALES,Masculino
FRENTE DE IZQUIERDA Y DE TRABAJADORES – UNIDAD,A UNIR Y FORTALECER LA IZQUIERDA ,DIPUTADOS NACIONALES,Femenino
FRENTE DE IZQUIERDA Y DE TRABAJADORES – UNIDAD,B UNIDAD DE LUCHADORES Y LA IZQUIERDA,DIPUTADOS NACIONALES,Masculino
LA LIBERTAD AVANZA,A LA LIBERTAD MENDOZA,DIPUTADOS NACIONALES,Femenino
MOVIMIENTO AL SOCIALISMO (MAS),IZQUIERDA ANTICAPITALISTA,DIPUTADOS NACIONALES,Femenino
MOVIMIENTO LIBRES DEL SUR,AZUL Y ROJO,DIPUTADOS NACIONALES,Masculino
UNION POR LA PATRIA,A CELESTE Y BLANCA,DIPUTADOS NACIONALES,Masculino
FRENTE RENOVADOR DE LA CONCORDIA-INNOVACION FEDERAL MNES,"ROJA, AZUL Y BLANCA",DIPUTADOS NACIONALES,Masculino
FUERZA LIBERAL MNES,LIBERTAD VIVA,DIPUTADOS NACIONALES,Masculino
JUNTOS POR EL CAMBIO MNES,EL CAMBIO DE NUESTRAS VIDAS,DIPUTADOS NACIONALES,Masculino
JUNTOS POR EL CAMBIO MNES,LA FUERZA DEL CAMBIO,DIPUTADOS NACIONALES,Masculino
PARTIDO AGRARIO Y SOCIAL MNES,POR LA GENTE  LETRA P,DIPUTADOS NACIONALES,Masculino
PARTIDO DEL OBRERO,UNIDAD DE TRABAJADORES Y LA IZQUIERDA,DIPUTADOS NACIONALES,Masculino
UNION POPULAR FEDERAL MNES,HACEMOS UNIDOS,DIPUTADOS NACIONALES,Masculino
ARRIBA NEUQUEN,A,DIPUTADOS NACIONALES,Femenino
FRENTE DE IZQUIERDA Y DE TRABAJADORES - UNIDAD,UNIDAD DE LUCHADORES Y LA IZQUIERDA,DIPUTADOS NACIONALES,Femenino
FRENTE DE IZQUIERDA Y DE TRABAJADORES - UNIDAD,UNIR Y FORTALECER LA IZQUIERDA,DIPUTADOS NACIONALES,Femenino
JUNTOS POR EL CAMBIO,EL CAMBIO DE NUESTRAS VIDAS,DIPUTADOS NACIONALES,Femenino
JUNTOS POR EL CAMBIO,LA FUERZA DEL CAMBIO,DIPUTADOS NACIONALES,Masculino
LIBRES Y SOCIALISTAS,OJALA LA TIERRA,DIPUTADOS NACIONALES,Femenino
MOVIMIENTO POPULAR NEUQUINO,LETRA A   NEUQUEN PAIS,DIPUTADOS NACIONALES,Masculino
MOVIMIENTO POPULAR NEUQUINO,UNIDOS POR NEUQUEN,DIPUTADOS NACIONALES,Masculino
UNIÓN POR LA PATRIA,CELESTE Y BLANCA N°2,DIPUTADOS NACIONALES,Masculino
FRENTE DE IZQUIERDA Y DE TRABAJADORES - UNIDAD,A UNIR Y FORTALECER LA IZQUIERDA,DIPUTADOS NACIONALES,Femenino
FRENTE DE IZQUIERDA Y DE TRABAJADORES - UNIDAD,B UNIDAD DE LUCHADORES Y LA IZQUIERDA,DIPUTADOS NACIONALES,Femenino
JUNTOS POR EL CAMBIO,B LA FUERZA DEL CAMBIO,DIPUTADOS NACIONALES,Masculino
JUNTOS POR EL CAMBIO,C EL CAMBIO DE NUESTRAS VIDAS,DIPUTADOS NACIONALES,Masculino
JUNTOS SOMOS RIO NEGRO,SIGAMOS CRECIENDO,DIPUTADOS NACIONALES,Masculino
MOVIMIENTO AL SOCIALISMO,A IZQUIERDA ANTICAPITALISTA,DIPUTADOS NACIONALES,Masculino
PARTIDO FE,A CON FE,DIPUTADOS NACIONALES,Femenino
UNION POR LA PATRIA,A AZUL CELESTE Y BLANCA UNIDAD,DIPUTADOS NACIONALES,Masculino
AHORA PATRIA,AHORA LIBERTAD A,DIPUTADOS NACIONALES,Femenino
FRENTE DE IZQUIERDA Y DE TRABAJADORES - UNIDAD,A UNIR Y FORTALECER LA IZQUIERDA ,DIPUTADOS NACIONALES,Femenino
FRENTE DE IZQUIERDA Y DE TRABAJADORES - UNIDAD,B UNIDAD DE LUCHADORES Y LA IZQUIERDA,DIPUTADOS NACIONALES,Femenino
JUNTOS POR EL CAMBIO,CAMBIO RADICAL   D,DIPUTADOS NACIONALES,Masculino
JUNTOS POR EL CAMBIO,EL CAMBIO DE NUESTRAS VIDAS   B,DIPUTADOS NACIONALES,Femenino
JUNTOS POR EL CAMBIO,LA FUERZA DEL CAMBIO   A,DIPUTADOS NACIONALES,Masculino
JUNTOS POR EL CAMBIO,PARA RENOVAR SALTA   C,DIPUTADOS NACIONALES,Masculino
MOVIMIENTO AL SOCIALISMO,A IZQUIERDA ANTICAPITALISTA,DIPUTADOS NACIONALES,Masculino
MOVIMIENTO LIBRES DEL SUR,40 AZUL Y ROJO   A,DIPUTADOS NACIONALES,Masculino
PARTIDO AUTONOMISTA,HACEMOS UNIDOS POR SALTA A,DIPUTADOS NACIONALES,Masculino
POLITICA OBRERA,UNIDAD OBRERA A,DIPUTADOS NACIONALES,Femenino
SI-SALTA INDEPENDIENTE,A   POR UNA SALTA INDEPENDIENTE,DIPUTADOS NACIONALES,Masculino
UNION POR LA PATRIA,UNION PARA LA VICTORIA K,DIPUTADOS NACIONALES,Masculino
UNION POR LA PATRIA,UNION POR LA FELICIDAD DE SALTA C,DIPUTADOS NACIONALES,Femenino
UNION POR LA PATRIA,UNION POR SALTA A,DIPUTADOS NACIONALES,Masculino
ALIANZA JUNTOS POR EL CAMBIO,CAMBIA SAN JUAN,DIPUTADOS NACIONALES,Femenino
ALIANZA JUNTOS POR EL CAMBIO,LA FUERZA DEL CAMBIO,DIPUTADOS NACIONALES,Femenino
FRENTE DE IZQUIERDA Y DE TRABAJADORES - UNIDAD,1A UNIR Y FORTALECER LA IZQUIERDA,DIPUTADOS NACIONALES,Femenino
FRENTE DE IZQUIERDA Y DE TRABAJADORES - UNIDAD,B UNIDAD DE LUCHADORES Y LA IZQUIERDA,DIPUTADOS NACIONALES,Masculino
FRENTE UNIÓN POR LA PATRIA - SAN JUAN,SAN JUAN VUELVE,DIPUTADOS NACIONALES,Masculino
FRENTE UNIÓN POR LA PATRIA - SAN JUAN,VAMOS SAN JUAN,DIPUTADOS NACIONALES,Masculino
LA LIBERTAD AVANZA,IDEAS DE LA LIBERTAD,DIPUTADOS NACIONALES,Masculino
PARTIDO CRUZADA RENOVADORA,BLANCA UNIDAD,DIPUTADOS NACIONALES,Masculino
PARTIDO MOVIMIENTO LIBRES DEL SUR - SIGLA L.D.S.,AZUL Y ROJO,DIPUTADOS NACIONALES,Masculino
PARTIDO POPULAR,PRINCIPIO Y VALORES,DIPUTADOS NACIONALES,Masculino
PARTIDO SOCIALISTA,HACEMOS UNIDOS POR SAN JUAN,DIPUTADOS NACIONALES,Masculino
ALIANZA FRENTE DE IZQUIERDA Y DE TRABAJADORES UNIDAD  SAN LUIS,1B UNIDAD DE LUCHADORES Y LA IZQUIERDA,DIPUTADOS NACIONALES,Masculino
ALIANZA FRENTE DE IZQUIERDA Y DE TRABAJADORES UNIDAD  SAN LUIS,UNIR Y FORTALECER LA IZQUIERDA (1A),DIPUTADOS NACIONALES,Femenino
ALIANZA LA LIBERTAD AVANZA SAN LUIS,DOGMA LIBERTARIO,DIPUTADOS NACIONALES,Masculino
JUNTOS POR EL CAMBIO  SAN LUIS,EL CAMBIO DE NUESTRAS VIDAS,DIPUTADOS NACIONALES,Masculino
JUNTOS POR EL CAMBIO  SAN LUIS,LA FUERZA DEL CAMBIO,DIPUTADOS NACIONALES,Masculino
MOVIMIENTO AL SOCIALISMO SAN LUIS,IZQUIERDA ANTICAPITALISTA,DIPUTADOS NACIONALES,Masculino
MOVIMIENTO LIBRES DEL SUR SAN LUIS,AZUL Y ROJO,DIPUTADOS NACIONALES,Femenino
PARTIDO DEMOCRATA SAN LUIS,DEMOCRATAS POR LA LIBERTAD,DIPUTADOS NACIONALES,Masculino
PARTIDO UNION Y LIBERTAD SAN LUIS,L1,DIPUTADOS NACIONALES,Masculino
UNION POR SAN LUIS,CELESTE UNIDAD,DIPUTADOS NACIONALES,Masculino
AGRUPACION MOVIMIENTO AL SOCIALISMO,IZQUIERDA ANTICAPITALISTA,DIPUTADOS NACIONALES,Masculino
ALIANZA CAMBIA SANTA CRUZ,EL CAMBIO DE NUESTRAS VIDAS,DIPUTADOS NACIONALES,Masculino
ALIANZA CAMBIA SANTA CRUZ,SUMAMOS FUERZAS EN SANTA CRUZ,DIPUTADOS NACIONALES,Masculino
ALIANZA FRENTE DE IZQUIERDA Y DE LOS TRABAJADORES-UNIDAD,1A UNIDAD DE LUCHADORES Y LA IZQUIERDA,DIPUTADOS NACIONALES,Masculino
ALIANZA FRENTE DE IZQUIERDA Y DE LOS TRABAJADORES-UNIDAD,1A UNIR Y FORTALECER LA IZQUIERDA,DIPUTADOS NACIONALES,Femenino
ALIANZA POR SANTA CRUZ,HACER SANTA CRUZ,DIPUTADOS NACIONALES,Masculino
ALIANZA UNION POR LA PATRIA,ACUERDO SANTACRUCEÑO,DIPUTADOS NACIONALES,Femenino
ALIANZA UNION POR LA PATRIA,CONSTRUYAMOS JUNTOS,DIPUTADOS NACIONALES,Femenino
ALIANZA FRENTE AMPLIO POR LA SOBERANIA,A   SOBERANíA POPULAR,DIPUTADOS NACIONALES,Masculino
ALIANZA FRENTE DE IZQUIERDA Y TRABAJADORES- UNIDAD,B UNIDAD DE LUCHADORES Y LA IZQUIERDA ,DIPUTADOS NACIONALES,Femenino
ALIANZA FRENTE DE IZQUIERDA Y TRABAJADORES- UNIDAD,UNIR Y FORTALECER LA IZQUIERDA A,DIPUTADOS NACIONALES,Masculino
ALIANZA JUNTOS POR EL CAMBIO,A. EL CAMBIO DE NUESTRAS VIDAS,DIPUTADOS NACIONALES,Masculino
ALIANZA JUNTOS POR EL CAMBIO,B. LA FUERZA DEL CAMBIO,DIPUTADOS NACIONALES,Masculino
ALIANZA LA FUERZA DE SANTA FE,PARTICIPACION Y SOLIDARIDAD  LETRA A,DIPUTADOS NACIONALES,Masculino
ALIANZA LA LIBERTAD AVANZA,LISTA A: LIBERTAD POR SIEMPRE,DIPUTADOS NACIONALES,Femenino
ALIANZA NUEVO RUMBO,1A   VECINOS CON RUMBO,DIPUTADOS NACIONALES,Femenino
ALIANZA NUEVO RUMBO,2B   POR LOS VALORES,DIPUTADOS NACIONALES,Masculino
ALIANZA NUEVO RUMBO,3C   RECREO SOCIAL,DIPUTADOS NACIONALES,Masculino
ALIANZA UNION POR LA PATRIA,A  CELESTE Y BLANCA,DIPUTADOS NACIONALES,Masculino
ENCUENTRO REPUBLICANO FEDERAL,A   DEMOS,DIPUTADOS NACIONALES,Masculino
ENCUENTRO REPUBLICANO FEDERAL,B   MODERADO,DIPUTADOS NACIONALES,Masculino
ENCUENTRO REPUBLICANO FEDERAL,C   REPUBLICANO POPULAR,DIPUTADOS NACIONALES,Femenino
LEALTAD Y DIGNIDAD,A SANTA FE PRIMERO,DIPUTADOS NACIONALES,Masculino
LEALTAD Y DIGNIDAD,B PRODUCCION Y JUSTICIA SOCIAL,DIPUTADOS NACIONALES,Masculino
LEALTAD Y DIGNIDAD,C LA NUEVA SANTA FE,DIPUTADOS NACIONALES,Masculino
LEALTAD Y DIGNIDAD,D CREZCAMOS POR SANTA FE,DIPUTADOS NACIONALES,Masculino
LEALTAD Y DIGNIDAD,E RECUPERANDO NUESTRA CULTURA,DIPUTADOS NACIONALES,Masculino
LEALTAD Y DIGNIDAD,F UNIDAD SANTAFESINA,DIPUTADOS NACIONALES,Masculino
LEALTAD Y DIGNIDAD,G POR LOS PRINCIPIOS SOCIALES,DIPUTADOS NACIONALES,Masculino
MOVIMIENTO INDEPENDIENTE RENOVADOR,1 A   DESARROLLO AGRO INDUSTRIAL,DIPUTADOS NACIONALES,Femenino
MOVIMIENTO IZQUIERDA JUVENTUD DIGNIDAD,1A SANTA FE SEGURA,DIPUTADOS NACIONALES,Femenino
MOVIMIENTO LIBRES DEL SUR,A. AZUL Y ROJO,DIPUTADOS NACIONALES,Femenino
PARTIDO AUTONOMISTA,1A  AUTONOMISTA EN MARCHA,DIPUTADOS NACIONALES,Masculino
PARTIDO AUTONOMISTA,2B  DIGNIDAD ANIMAL,DIPUTADOS NACIONALES,Masculino
PARTIDO AUTONOMISTA,3C  RENACER,DIPUTADOS NACIONALES,Masculino
PARTIDO AUTONOMISTA,4D  FUTURO MEJOR,DIPUTADOS NACIONALES,Femenino
PARTIDO FE,1A   SIEMPRE CON FE,DIPUTADOS NACIONALES,Masculino
PARTIDO FE,2B   VAMOS CON FE,DIPUTADOS NACIONALES,Femenino
PARTIDO FE,3C  NUEVO HORIZONTE,DIPUTADOS NACIONALES,Masculino
POLITICA ABIERTA PARA LA INTEGRIDAD SOCIAL,LISTA A CON LOS MISMOS NO,DIPUTADOS NACIONALES,Masculino
POLITICA ABIERTA PARA LA INTEGRIDAD SOCIAL,LISTA B PRIMERO SANTA FE,DIPUTADOS NACIONALES,Femenino
PROYECTO JOVEN,A   PATRIA UNIDA,DIPUTADOS NACIONALES,Masculino
PROYECTO JOVEN,B   FRENTE JOVEN,DIPUTADOS NACIONALES,Masculino
PROYECTO JOVEN,C   PATRIA Y FUTURO,DIPUTADOS NACIONALES,Masculino
ENCUENTRO REPUBLICANO FEDERAL,DESPIERTA SANTIAGO,DIPUTADOS NACIONALES,Masculino
ENCUENTRO REPUBLICANO FEDERAL,MOVIMIENTO VIABLE,DIPUTADOS NACIONALES,Masculino
FRENTE CIVICO POR SANTIAGO,TODOS POR SANTIAGO,DIPUTADOS NACIONALES,Masculino
FRENTE PATRIOTA FEDERAL,PATRIOTAS,DIPUTADOS NACIONALES,Masculino
FRENTE RENOVADOR,HAY ALTERNATIVA,DIPUTADOS NACIONALES,Masculino
JUNTOS POR EL CAMBIO,EL CAMBIO DE NUESTRAS VIDAS,DIPUTADOS NACIONALES,Femenino
MOVIMIENTO LIBRES DEL SUR,AZUL Y ROJO,DIPUTADOS NACIONALES,Masculino
NUEVA IZQUIERDA,A UNIDAD DE LUCHADORES Y LA IZQUIERDA,DIPUTADOS NACIONALES,Femenino
PARTIDO AUTONOMISTA,A 9 DE JULIO,DIPUTADOS NACIONALES,Masculino
PARTIDO AUTONOMISTA,B SANTIAGO LO MERECE,DIPUTADOS NACIONALES,Femenino
PARTIDO AUTONOMISTA,C SANTIAGO AUTONOMISTA,DIPUTADOS NACIONALES,Femenino
PARTIDO AUTONOMISTA,D PATRIA GRANDE,DIPUTADOS NACIONALES,Masculino
PARTIDO LABORISTA,LIBERTAD Y TRABAJO,DIPUTADOS NACIONALES,Femenino
PARTIDO UNION CELESTE Y BLANCO,LA LIBERTAD AVANZA,DIPUTADOS NACIONALES,Femenino
POLITICA OBRERA,UNIDAD OBRERA,DIPUTADOS NACIONALES,Femenino
PRINCIPIOS Y VALORES,A VOCES LIBERTARIAS SDE,DIPUTADOS NACIONALES,Masculino
PRINCIPIOS Y VALORES,C POR LOS VALORES,DIPUTADOS NACIONALES,Masculino
PROYECTO JOVEN,JOVENES EN ACCION,DIPUTADOS NACIONALES,Masculino
TRES BANDERAS,INDEPENDENCIA,DIPUTADOS NACIONALES,Masculino
TRES BANDERAS,POR LA JUSTICIA,DIPUTADOS NACIONALES,Masculino
TRES BANDERAS,SOBERANIA,DIPUTADOS NACIONALES,Masculino
ALIANZA FRENTE DE IZQUIERDA DE TRABAJADORES - UNIDAD,UNIDAD DE LUCHADORES Y LA IZQUIERDA,DIPUTADOS NACIONALES,Femenino
ALIANZA FRENTE DE IZQUIERDA DE TRABAJADORES - UNIDAD,UNIR Y FORTALECER LA IZQUIERDA 1 A,DIPUTADOS NACIONALES,Femenino
ALIANZA HACEMOS POR NUESTRO PAÍS,HACEMOS,DIPUTADOS NACIONALES,Masculino
ALIANZA JUNTOS POR EL CAMBIO TDF,EL CAMBIO DE NUESTRAS VIDAS,DIPUTADOS NACIONALES,Masculino
ALIANZA JUNTOS POR EL CAMBIO TDF,LA FUERZA DEL CAMBIO,DIPUTADOS NACIONALES,Masculino
ALIANZA UNIÓN POR LA PATRIA,LISTA CELESTE Y BLANCA,DIPUTADOS NACIONALES,Femenino
MOVIMIENTO AL SOCIALISMO,IZQUIERDA ANTICAPITALISTA,DIPUTADOS NACIONALES,Masculino
REPUBLICANOS UNIDOS,FUEGUINOS,DIPUTADOS NACIONALES,Masculino
SOMOS FUEGUINOS,167 A PRIMERO TIERRA DEL FUEGO,DIPUTADOS NACIONALES,Femenino
FRENTE DE IZQUIERDA Y DE TRABAJADORES - UNIDAD,A UNIR Y FORTALECER LA IZQUIERDA,DIPUTADOS NACIONALES,Femenino
FRENTE DE IZQUIERDA Y DE TRABAJADORES - UNIDAD,B UNIDAD DE LUCHADORES Y LA IZQUIERDA,DIPUTADOS NACIONALES,Masculino
FRENTE UNION POR LA PATRIA,CELESTE Y BLANCA,DIPUTADOS NACIONALES,Masculino
FUERZA REPUBLICANA,CELESTE Y BLANCA,DIPUTADOS NACIONALES,Masculino
JUNTOS POR EL CAMBIO,EL CAMBIO DE NUESTRAS VIDAS,DIPUTADOS NACIONALES,Masculino
JUNTOS POR EL CAMBIO,LA FUERZA DEL CAMBIO,DIPUTADOS NACIONALES,Masculino
MOVIMIENTO LIBRES DEL SUR,PRIMERO TUCUMAN,DIPUTADOS NACIONALES,Masculino
POLITICA OBRERA,UNIDAD OBRERA,DIPUTADOS NACIONALES,Femenino
